zone,weekend,slot,bikes,hour
empties,False,0,-0.5238095238095238,0.25
empties,False,1,9.238095238095237,0.5
empties,False,2,17.952380952380953,0.75
empties,False,3,28.761904761904763,1.0
empties,False,4,32.04761904761905,1.25
empties,False,5,30.761904761904763,1.5
empties,False,6,37.476190476190474,1.75
empties,False,7,39.76190476190476,2.0
empties,False,8,41.142857142857146,2.25
empties,False,9,44.714285714285715,2.5
empties,False,10,43.0,2.75
empties,False,11,45.714285714285715,3.0
empties,False,12,43.23809523809524,3.25
empties,False,13,43.0,3.5
empties,False,14,43.095238095238095,3.75
empties,False,15,37.523809523809526,4.0
empties,False,16,34.19047619047619,4.25
empties,False,17,28.476190476190474,4.5
empties,False,18,17.761904761904763,4.75
empties,False,19,-7.428571428571429,5.0
empties,False,20,-35.38095238095238,5.25
empties,False,21,-79.0,5.5
empties,False,22,-155.47619047619048,5.75
empties,False,23,-234.42857142857142,6.0
empties,False,24,-310.5238095238095,6.25
empties,False,25,-429.9047619047619,6.5
empties,False,26,-636.047619047619,6.75
empties,False,27,-823.5238095238095,7.0
empties,False,28,-1004.1904761904761,7.25
empties,False,29,-1220.2380952380952,7.5
empties,False,30,-1543.0,7.75
empties,False,31,-1833.6190476190477,8.0
empties,False,32,-2214.904761904762,8.25
empties,False,33,-2663.3809523809523,8.5
empties,False,34,-3215.4761904761904,8.75
empties,False,35,-3592.904761904762,9.0
empties,False,36,-3804.7619047619046,9.25
empties,False,37,-3974.4285714285716,9.5
empties,False,38,-4115.333333333333,9.75
empties,False,39,-4182.714285714285,10.0
empties,False,40,-4221.428571428572,10.25
empties,False,41,-4261.666666666667,10.5
empties,False,42,-4320.571428571428,10.75
empties,False,43,-4340.047619047619,11.0
empties,False,44,-4357.333333333333,11.25
empties,False,45,-4381.476190476191,11.5
empties,False,46,-4430.285714285715,11.75
empties,False,47,-4448.238095238095,12.0
empties,False,48,-4449.333333333333,12.25
empties,False,49,-4448.0952380952385,12.5
empties,False,50,-4454.523809523809,12.75
empties,False,51,-4454.047619047619,13.0
empties,False,52,-4440.285714285715,13.25
empties,False,53,-4421.285714285715,13.5
empties,False,54,-4421.0,13.75
empties,False,55,-4395.857142857143,14.0
empties,False,56,-4371.142857142857,14.25
empties,False,57,-4342.0952380952385,14.5
empties,False,58,-4341.285714285715,14.75
empties,False,59,-4312.952380952381,15.0
empties,False,60,-4277.714285714285,15.25
empties,False,61,-4246.047619047619,15.5
empties,False,62,-4222.428571428572,15.75
empties,False,63,-4143.0,16.0
empties,False,64,-4096.285714285715,16.25
empties,False,65,-3990.809523809524,16.5
empties,False,66,-3904.285714285714,16.75
empties,False,67,-3769.809523809524,17.0
empties,False,68,-3626.714285714286,17.25
empties,False,69,-3332.4761904761904,17.5
empties,False,70,-3006.0,17.75
empties,False,71,-2688.6190476190477,18.0
empties,False,72,-2446.809523809524,18.25
empties,False,73,-2223.3809523809523,18.5
empties,False,74,-2006.047619047619,18.75
empties,False,75,-1802.7142857142858,19.0
empties,False,76,-1654.1904761904761,19.25
empties,False,77,-1494.3333333333333,19.5
empties,False,78,-1358.4285714285713,19.75
empties,False,79,-1235.095238095238,20.0
empties,False,80,-1147.952380952381,20.25
empties,False,81,-1049.3809523809523,20.5
empties,False,82,-967.8571428571429,20.75
empties,False,83,-894.3809523809524,21.0
empties,False,84,-843.5238095238095,21.25
empties,False,85,-796.1904761904761,21.5
empties,False,86,-765.2857142857143,21.75
empties,False,87,-749.2857142857143,22.0
empties,False,88,-744.2380952380952,22.25
empties,False,89,-714.952380952381,22.5
empties,False,90,-690.9047619047619,22.75
empties,False,91,-655.5714285714286,23.0
empties,False,92,-638.5238095238095,23.25
empties,False,93,-608.0952380952381,23.5
empties,False,94,-598.2380952380952,23.75
empties,False,95,-582.8095238095239,24.0
empties,True,0,11.8,0.25
empties,True,1,1.0,0.5
empties,True,2,3.6,0.75
empties,True,3,-3.4,1.0
empties,True,4,-27.7,1.25
empties,True,5,-49.1,1.5
empties,True,6,-62.7,1.75
empties,True,7,-91.8,2.0
empties,True,8,-109.9,2.25
empties,True,9,-113.4,2.5
empties,True,10,-115.7,2.75
empties,True,11,-118.7,3.0
empties,True,12,-133.7,3.25
empties,True,13,-134.0,3.5
empties,True,14,-136.2,3.75
empties,True,15,-150.7,4.0
empties,True,16,-153.7,4.25
empties,True,17,-152.6,4.5
empties,True,18,-155.9,4.75
empties,True,19,-153.2,5.0
empties,True,20,-149.8,5.25
empties,True,21,-157.8,5.5
empties,True,22,-167.4,5.75
empties,True,23,-181.6,6.0
empties,True,24,-195.1,6.25
empties,True,25,-226.2,6.5
empties,True,26,-279.0,6.75
empties,True,27,-318.6,7.0
empties,True,28,-349.8,7.25
empties,True,29,-385.3,7.5
empties,True,30,-459.0,7.75
empties,True,31,-511.9,8.0
empties,True,32,-571.1,8.25
empties,True,33,-637.9,8.5
empties,True,34,-749.3,8.75
empties,True,35,-842.2,9.0
empties,True,36,-918.7,9.25
empties,True,37,-1036.8,9.5
empties,True,38,-1187.7,9.75
empties,True,39,-1284.8,10.0
empties,True,40,-1381.6,10.25
empties,True,41,-1505.9,10.5
empties,True,42,-1637.2,10.75
empties,True,43,-1724.7,11.0
empties,True,44,-1782.7,11.25
empties,True,45,-1876.6,11.5
empties,True,46,-1975.6,11.75
empties,True,47,-2028.5,12.0
empties,True,48,-2084.4,12.25
empties,True,49,-2150.0,12.5
empties,True,50,-2213.0,12.75
empties,True,51,-2271.3,13.0
empties,True,52,-2301.4,13.25
empties,True,53,-2338.7,13.5
empties,True,54,-2393.2,13.75
empties,True,55,-2381.6,14.0
empties,True,56,-2396.0,14.25
empties,True,57,-2411.4,14.5
empties,True,58,-2418.3,14.75
empties,True,59,-2370.2,15.0
empties,True,60,-2298.2,15.25
empties,True,61,-2234.3,15.5
empties,True,62,-2227.5,15.75
empties,True,63,-2168.4,16.0
empties,True,64,-2135.3,16.25
empties,True,65,-2116.2,16.5
empties,True,66,-2118.2,16.75
empties,True,67,-2082.5,17.0
empties,True,68,-2053.7,17.25
empties,True,69,-2020.4,17.5
empties,True,70,-2002.2,17.75
empties,True,71,-1934.0,18.0
empties,True,72,-1876.0,18.25
empties,True,73,-1835.2,18.5
empties,True,74,-1784.3,18.75
empties,True,75,-1760.4,19.0
empties,True,76,-1718.0,19.25
empties,True,77,-1637.8,19.5
empties,True,78,-1570.0,19.75
empties,True,79,-1496.0,20.0
empties,True,80,-1399.6,20.25
empties,True,81,-1307.9,20.5
empties,True,82,-1225.5,20.75
empties,True,83,-1161.0,21.0
empties,True,84,-1117.3,21.25
empties,True,85,-1064.3,21.5
empties,True,86,-1015.4,21.75
empties,True,87,-975.4,22.0
empties,True,88,-948.5,22.25
empties,True,89,-924.6,22.5
empties,True,90,-890.9,22.75
empties,True,91,-858.0,23.0
empties,True,92,-828.8,23.25
empties,True,93,-810.4,23.5
empties,True,94,-789.6,23.75
empties,True,95,-787.6,24.0
fills,False,0,-15.142857142857142,0.25
fills,False,1,-22.761904761904763,0.5
fills,False,2,-24.952380952380953,0.75
fills,False,3,-31.19047619047619,1.0
fills,False,4,-30.904761904761905,1.25
fills,False,5,-38.666666666666664,1.5
fills,False,6,-38.476190476190474,1.75
fills,False,7,-35.04761904761905,2.0
fills,False,8,-38.80952380952381,2.25
fills,False,9,-37.61904761904762,2.5
fills,False,10,-36.857142857142854,2.75
fills,False,11,-36.904761904761905,3.0
fills,False,12,-35.80952380952381,3.25
fills,False,13,-36.333333333333336,3.5
fills,False,14,-33.38095238095238,3.75
fills,False,15,-32.666666666666664,4.0
fills,False,16,-29.904761904761905,4.25
fills,False,17,-27.714285714285715,4.5
fills,False,18,-26.238095238095237,4.75
fills,False,19,-8.714285714285714,5.0
fills,False,20,11.476190476190476,5.25
fills,False,21,17.428571428571427,5.5
fills,False,22,41.285714285714285,5.75
fills,False,23,112.66666666666667,6.0
fills,False,24,150.04761904761904,6.25
fills,False,25,208.52380952380952,6.5
fills,False,26,275.23809523809524,6.75
fills,False,27,490.2857142857143,7.0
fills,False,28,658.7619047619048,7.25
fills,False,29,827.5238095238095,7.5
fills,False,30,1006.4761904761905,7.75
fills,False,31,1317.095238095238,8.0
fills,False,32,1591.0,8.25
fills,False,33,1973.857142857143,8.5
fills,False,34,2381.0476190476193,8.75
fills,False,35,3092.9523809523807,9.0
fills,False,36,3696.4285714285716,9.25
fills,False,37,4156.619047619048,9.5
fills,False,38,4478.428571428572,9.75
fills,False,39,4794.142857142857,10.0
fills,False,40,4996.666666666667,10.25
fills,False,41,5107.571428571428,10.5
fills,False,42,5173.809523809524,10.75
fills,False,43,5264.666666666667,11.0
fills,False,44,5302.857142857143,11.25
fills,False,45,5316.952380952381,11.5
fills,False,46,5300.285714285715,11.75
fills,False,47,5327.571428571428,12.0
fills,False,48,5304.619047619048,12.25
fills,False,49,5293.285714285715,12.5
fills,False,50,5260.142857142857,12.75
fills,False,51,5284.9047619047615,13.0
fills,False,52,5236.809523809524,13.25
fills,False,53,5225.952380952381,13.5
fills,False,54,5183.476190476191,13.75
fills,False,55,5183.714285714285,14.0
fills,False,56,5137.809523809524,14.25
fills,False,57,5093.952380952381,14.5
fills,False,58,5025.857142857143,14.75
fills,False,59,4976.857142857143,15.0
fills,False,60,4868.238095238095,15.25
fills,False,61,4793.523809523809,15.5
fills,False,62,4672.952380952381,15.75
fills,False,63,4577.380952380952,16.0
fills,False,64,4320.523809523809,16.25
fills,False,65,4133.190476190476,16.5
fills,False,66,3804.8571428571427,16.75
fills,False,67,3443.9523809523807,17.0
fills,False,68,2711.3333333333335,17.25
fills,False,69,2230.1428571428573,17.5
fills,False,70,1835.6190476190477,17.75
fills,False,71,1510.3809523809523,18.0
fills,False,72,1161.7142857142858,18.25
fills,False,73,901.0952380952381,18.5
fills,False,74,654.6190476190476,18.75
fills,False,75,491.5238095238095,19.0
fills,False,76,285.85714285714283,19.25
fills,False,77,144.04761904761904,19.5
fills,False,78,19.714285714285715,19.75
fills,False,79,-88.47619047619048,20.0
fills,False,80,-192.52380952380952,20.25
fills,False,81,-243.1904761904762,20.5
fills,False,82,-280.6190476190476,20.75
fills,False,83,-325.57142857142856,21.0
fills,False,84,-385.57142857142856,21.25
fills,False,85,-444.4761904761905,21.5
fills,False,86,-477.85714285714283,21.75
fills,False,87,-510.9047619047619,22.0
fills,False,88,-569.3809523809524,22.25
fills,False,89,-587.4761904761905,22.5
fills,False,90,-600.7619047619048,22.75
fills,False,91,-624.7619047619048,23.0
fills,False,92,-670.5714285714286,23.25
fills,False,93,-685.6666666666666,23.5
fills,False,94,-698.3809523809524,23.75
fills,False,95,-696.8095238095239,24.0
fills,True,0,-34.5,0.25
fills,True,1,-42.5,0.5
fills,True,2,-39.8,0.75
fills,True,3,-30.1,1.0
fills,True,4,-16.0,1.25
fills,True,5,0.6,1.5
fills,True,6,15.1,1.75
fills,True,7,33.5,2.0
fills,True,8,48.1,2.25
fills,True,9,60.6,2.5
fills,True,10,80.0,2.75
fills,True,11,86.2,3.0
fills,True,12,95.7,3.25
fills,True,13,110.9,3.5
fills,True,14,122.9,3.75
fills,True,15,129.9,4.0
fills,True,16,136.9,4.25
fills,True,17,152.6,4.5
fills,True,18,165.0,4.75
fills,True,19,173.5,5.0
fills,True,20,179.4,5.25
fills,True,21,182.7,5.5
fills,True,22,190.7,5.75
fills,True,23,202.3,6.0
fills,True,24,211.3,6.25
fills,True,25,213.4,6.5
fills,True,26,221.7,6.75
fills,True,27,271.9,7.0
fills,True,28,286.2,7.25
fills,True,29,283.5,7.5
fills,True,30,284.9,7.75
fills,True,31,320.4,8.0
fills,True,32,338.9,8.25
fills,True,33,360.1,8.5
fills,True,34,347.2,8.75
fills,True,35,390.0,9.0
fills,True,36,387.1,9.25
fills,True,37,377.2,9.5
fills,True,38,343.5,9.75
fills,True,39,389.5,10.0
fills,True,40,406.4,10.25
fills,True,41,419.5,10.5
fills,True,42,374.3,10.75
fills,True,43,414.7,11.0
fills,True,44,392.7,11.25
fills,True,45,364.9,11.5
fills,True,46,295.9,11.75
fills,True,47,302.7,12.0
fills,True,48,309.3,12.25
fills,True,49,295.9,12.5
fills,True,50,266.0,12.75
fills,True,51,298.8,13.0
fills,True,52,292.5,13.25
fills,True,53,281.7,13.5
fills,True,54,262.4,13.75
fills,True,55,279.6,14.0
fills,True,56,263.9,14.25
fills,True,57,257.8,14.5
fills,True,58,266.1,14.75
fills,True,59,317.0,15.0
fills,True,60,416.3,15.25
fills,True,61,449.7,15.5
fills,True,62,438.3,15.75
fills,True,63,454.6,16.0
fills,True,64,415.5,16.25
fills,True,65,362.8,16.5
fills,True,66,349.6,16.75
fills,True,67,294.6,17.0
fills,True,68,236.8,17.25
fills,True,69,195.7,17.5
fills,True,70,153.2,17.75
fills,True,71,103.3,18.0
fills,True,72,45.2,18.25
fills,True,73,39.4,18.5
fills,True,74,40.5,18.75
fills,True,75,24.9,19.0
fills,True,76,-2.7,19.25
fills,True,77,-12.4,19.5
fills,True,78,-53.2,19.75
fills,True,79,-58.0,20.0
fills,True,80,-57.8,20.25
fills,True,81,-20.2,20.5
fills,True,82,10.6,20.75
fills,True,83,-7.1,21.0
fills,True,84,-32.5,21.25
fills,True,85,-52.4,21.5
fills,True,86,-57.5,21.75
fills,True,87,-85.3,22.0
fills,True,88,-124.8,22.25
fills,True,89,-175.1,22.5
fills,True,90,-203.2,22.75
fills,True,91,-245.6,23.0
fills,True,92,-271.7,23.25
fills,True,93,-284.7,23.5
fills,True,94,-296.8,23.75
fills,True,95,-299.5,24.0
outer,False,0,64.19047619047619,0.25
outer,False,1,133.0952380952381,0.5
outer,False,2,201.0952380952381,0.75
outer,False,3,243.9047619047619,1.0
outer,False,4,297.1904761904762,1.25
outer,False,5,333.23809523809524,1.5
outer,False,6,367.0,1.75
outer,False,7,400.4761904761905,2.0
outer,False,8,420.7142857142857,2.25
outer,False,9,448.0952380952381,2.5
outer,False,10,463.04761904761904,2.75
outer,False,11,483.0952380952381,3.0
outer,False,12,491.5238095238095,3.25
outer,False,13,498.9047619047619,3.5
outer,False,14,507.23809523809524,3.75
outer,False,15,511.3809523809524,4.0
outer,False,16,515.8095238095239,4.25
outer,False,17,514.7142857142857,4.5
outer,False,18,512.3809523809524,4.75
outer,False,19,503.9047619047619,5.0
outer,False,20,492.57142857142856,5.25
outer,False,21,470.3333333333333,5.5
outer,False,22,429.4761904761905,5.75
outer,False,23,396.23809523809524,6.0
outer,False,24,352.9047619047619,6.25
outer,False,25,274.3809523809524,6.5
outer,False,26,153.38095238095238,6.75
outer,False,27,73.9047619047619,7.0
outer,False,28,-2.5714285714285716,7.25
outer,False,29,-119.95238095238095,7.5
outer,False,30,-311.2857142857143,7.75
outer,False,31,-468.4761904761905,8.0
outer,False,32,-665.4761904761905,8.25
outer,False,33,-912.7619047619048,8.5
outer,False,34,-1230.5238095238096,8.75
outer,False,35,-1404.5238095238096,9.0
outer,False,36,-1495.904761904762,9.25
outer,False,37,-1597.5714285714287,9.5
outer,False,38,-1714.095238095238,9.75
outer,False,39,-1750.7142857142858,10.0
outer,False,40,-1760.7619047619048,10.25
outer,False,41,-1813.4761904761904,10.5
outer,False,42,-1888.6666666666667,10.75
outer,False,43,-1920.904761904762,11.0
outer,False,44,-1956.3333333333333,11.25
outer,False,45,-2013.3333333333333,11.5
outer,False,46,-2111.285714285714,11.75
outer,False,47,-2147.5238095238096,12.0
outer,False,48,-2186.714285714286,12.25
outer,False,49,-2215.904761904762,12.5
outer,False,50,-2270.7619047619046,12.75
outer,False,51,-2305.5714285714284,13.0
outer,False,52,-2329.714285714286,13.25
outer,False,53,-2345.3333333333335,13.5
outer,False,54,-2377.3333333333335,13.75
outer,False,55,-2367.904761904762,14.0
outer,False,56,-2405.8571428571427,14.25
outer,False,57,-2432.809523809524,14.5
outer,False,58,-2501.1428571428573,14.75
outer,False,59,-2505.285714285714,15.0
outer,False,60,-2551.8571428571427,15.25
outer,False,61,-2556.4285714285716,15.5
outer,False,62,-2602.1428571428573,15.75
outer,False,63,-2575.4761904761904,16.0
outer,False,64,-2616.4761904761904,16.25
outer,False,65,-2600.5238095238096,16.5
outer,False,66,-2630.4761904761904,16.75
outer,False,67,-2620.714285714286,17.0
outer,False,68,-2738.6666666666665,17.25
outer,False,69,-2705.3809523809523,17.5
outer,False,70,-2620.095238095238,17.75
outer,False,71,-2493.714285714286,18.0
outer,False,72,-2417.7619047619046,18.25
outer,False,73,-2319.0476190476193,18.5
outer,False,74,-2224.7619047619046,18.75
outer,False,75,-2104.809523809524,19.0
outer,False,76,-1983.5238095238096,19.25
outer,False,77,-1876.3333333333333,19.5
outer,False,78,-1747.047619047619,19.75
outer,False,79,-1633.2380952380952,20.0
outer,False,80,-1522.047619047619,20.25
outer,False,81,-1413.7142857142858,20.5
outer,False,82,-1281.2380952380952,20.75
outer,False,83,-1169.952380952381,21.0
outer,False,84,-1102.7619047619048,21.25
outer,False,85,-1020.4285714285714,21.5
outer,False,86,-942.4285714285714,21.75
outer,False,87,-863.5238095238095,22.0
outer,False,88,-826.0952380952381,22.25
outer,False,89,-755.952380952381,22.5
outer,False,90,-673.1428571428571,22.75
outer,False,91,-588.7142857142857,23.0
outer,False,92,-521.6190476190476,23.25
outer,False,93,-440.4761904761905,23.5
outer,False,94,-363.7142857142857,23.75
outer,False,95,-271.4761904761905,24.0
outer,True,0,52.0,0.25
outer,True,1,123.3,0.5
outer,True,2,204.6,0.75
outer,True,3,292.5,1.0
outer,True,4,365.5,1.25
outer,True,5,430.3,1.5
outer,True,6,495.9,1.75
outer,True,7,564.7,2.0
outer,True,8,609.4,2.25
outer,True,9,667.5,2.5
outer,True,10,713.7,2.75
outer,True,11,747.8,3.0
outer,True,12,779.5,3.25
outer,True,13,813.2,3.5
outer,True,14,840.3,3.75
outer,True,15,862.8,4.0
outer,True,16,870.2,4.25
outer,True,17,882.9,4.5
outer,True,18,914.3,4.75
outer,True,19,935.9,5.0
outer,True,20,944.1,5.25
outer,True,21,952.1,5.5
outer,True,22,942.8,5.75
outer,True,23,941.4,6.0
outer,True,24,922.5,6.25
outer,True,25,903.2,6.5
outer,True,26,858.8,6.75
outer,True,27,829.0,7.0
outer,True,28,797.3,7.25
outer,True,29,756.0,7.5
outer,True,30,695.5,7.75
outer,True,31,655.6,8.0
outer,True,32,601.5,8.25
outer,True,33,533.3,8.5
outer,True,34,412.4,8.75
outer,True,35,374.8,9.0
outer,True,36,305.2,9.25
outer,True,37,190.6,9.5
outer,True,38,31.3,9.75
outer,True,39,-50.7,10.0
outer,True,40,-133.2,10.25
outer,True,41,-249.6,10.5
outer,True,42,-418.6,10.75
outer,True,43,-477.6,11.0
outer,True,44,-535.6,11.25
outer,True,45,-637.4,11.5
outer,True,46,-760.7,11.75
outer,True,47,-815.4,12.0
outer,True,48,-863.2,12.25
outer,True,49,-932.7,12.5
outer,True,50,-1016.8,12.75
outer,True,51,-1076.0,13.0
outer,True,52,-1103.8,13.25
outer,True,53,-1143.8,13.5
outer,True,54,-1205.0,13.75
outer,True,55,-1247.8,14.0
outer,True,56,-1253.9,14.25
outer,True,57,-1291.6,14.5
outer,True,58,-1317.9,14.75
outer,True,59,-1334.4,15.0
outer,True,60,-1343.8,15.25
outer,True,61,-1342.7,15.5
outer,True,62,-1371.8,15.75
outer,True,63,-1342.6,16.0
outer,True,64,-1331.0,16.25
outer,True,65,-1313.6,16.5
outer,True,66,-1332.0,16.75
outer,True,67,-1323.8,17.0
outer,True,68,-1345.2,17.25
outer,True,69,-1370.0,17.5
outer,True,70,-1366.9,17.75
outer,True,71,-1345.3,18.0
outer,True,72,-1337.9,18.25
outer,True,73,-1326.7,18.5
outer,True,74,-1317.2,18.75
outer,True,75,-1251.9,19.0
outer,True,76,-1223.4,19.25
outer,True,77,-1177.6,19.5
outer,True,78,-1103.2,19.75
outer,True,79,-1045.6,20.0
outer,True,80,-942.6,20.25
outer,True,81,-831.1,20.5
outer,True,82,-762.2,20.75
outer,True,83,-699.0,21.0
outer,True,84,-655.9,21.25
outer,True,85,-606.5,21.5
outer,True,86,-532.7,21.75
outer,True,87,-482.4,22.0
outer,True,88,-465.3,22.25
outer,True,89,-451.2,22.5
outer,True,90,-403.4,22.75
outer,True,91,-347.0,23.0
outer,True,92,-317.5,23.25
outer,True,93,-249.3,23.5
outer,True,94,-221.0,23.75
outer,True,95,-154.6,24.0
